sku_id,title,description,availability,condition,price,link,image_link,brand,gender,age_group,gtin,additional_image_link
EDN,EDN,Aprendé de Referentes y Conectá con Líderes que Marcan la Diferencia Profesional.,in stock,new,10,https://www2.udesa.edu.ar/posgrados/edan/fa/EDN/,https://storage.googleapis.com/piezas_programas_udesa/Piezas%20UdeSA/EDN/edn_1080x1080-01%20(4).png,UdeSA,unisex,adult,,
EMBA,Executive MBA,Desarrollá tu visión integral de negocios y fortalecé tus habilidades en liderazgo.,in stock,new,10,https://www2.udesa.edu.ar/posgrados/edan/fa/EMBA_B/dual.php,https://storage.googleapis.com/piezas_programas_udesa/Piezas%20UdeSA/EMBA/emba_1080x1080-01.png,UdeSA,unisex,adult,,"https://storage.googleapis.com/piezas_programas_udesa/Piezas%20UdeSA/EMBA/emba_1080x1920-01.png,https://storage.googleapis.com/piezas_programas_udesa/Piezas%20UdeSA/EMBA/emba_1200x628-01.png"
REMBA,Executive MBA Regional,Desarrollá tu visión integral de negocios y fortalecé tus habilidades en liderazgo.,in stock,new,10,https://www2.udesa.edu.ar/posgrados/edan/fa/EMBA_B/dual.php,https://storage.googleapis.com/piezas_programas_udesa/Piezas%20UdeSA/EMBAR/emba-regional-1080x1080-01.png,UdeSA,unisex,adult,,
MBAO,MBA,Desarrollá tu visión integral de negocios y fortalecé tus habilidades en liderazgo.,in stock,new,10,https://www2.udesa.edu.ar/posgrados/edan/fa/MBAO/dual.php,https://storage.googleapis.com/piezas_programas_udesa/Piezas%20UdeSA/MBA%20Online/MBA%20-%201080%20x%201080.jpeg,UdeSA,unisex,adult,,"https://storage.googleapis.com/piezas_programas_udesa/Piezas%20UdeSA/MBA%20Online/mba-online_1080x1920-01.png,https://storage.googleapis.com/piezas_programas_udesa/Piezas%20UdeSA/MBA%20Online/mba-online_1200x628-01.png"
MBAS,MBA Salud,Aprendé a gestionar salud pública y privada con mirada global.,in stock,new,10,https://www2.udesa.edu.ar/posgrados/edan/fa/MBAS/dual.php,https://storage.googleapis.com/piezas_programas_udesa/Piezas%20UdeSA/MBAS/mba-salud-1080x1080-01.png,UdeSA,unisex,adult,,
MIM,Master in Management,"Integra estrategia, finanzas, datos y diseño con visión global y enfoque en resultados.",in stock,new,10,https://www2.udesa.edu.ar/posgrados/edan/fa/MIB/dual.php,https://storage.googleapis.com/piezas_programas_udesa/Piezas%20UdeSA/MIM/MiM-1080x1080-01.png,UdeSA,unisex,adult,,"https://storage.googleapis.com/piezas_programas_udesa/Piezas%20UdeSA/MIM/MiM-1080x1920-01.png,https://storage.googleapis.com/piezas_programas_udesa/Piezas%20UdeSA/MIM/MiM-1200x628-01.png"
MKT,Maestría en Marketing y Comunicación,"Formate en estrategia, branding, creatividad y comunicación.",in stock,new,10,https://www2.udesa.edu.ar/posgrados/edan/fa/MKT/dual.php,https://storage.googleapis.com/piezas_programas_udesa/Piezas%20UdeSA/MKT/mkt_1080x1080-01.png,UdeSA,unisex,adult,,"https://storage.googleapis.com/piezas_programas_udesa/Piezas%20UdeSA/MKT/mkt_1080x1920-01.png,https://storage.googleapis.com/piezas_programas_udesa/Piezas%20UdeSA/MKT/mkt_1200x628-01.png"
MND,Maestría en Negocios Digitales,"Formate en negocios digitales con foco en IA, automatización y estrategia aplicada.",in stock,new,10,https://www2.udesa.edu.ar/posgrados/edan/fa/MND/dual.php,https://storage.googleapis.com/piezas_programas_udesa/Piezas%20UdeSA/MND/mnd_1080x1080-01.png,UdeSA,unisex,adult,,"https://storage.googleapis.com/piezas_programas_udesa/Piezas%20UdeSA/MND/mnd_1080x1920-01.png,https://storage.googleapis.com/piezas_programas_udesa/Piezas%20UdeSA/MND/mnd_1200x628-01.png"
RRHH,Maestría en Recursos Humanos,Formate en gestión estratégica e integral de recursos humanos.,in stock,new,10,https://www2.udesa.edu.ar/posgrados/edan/fa/RRHH_B/dual.php,https://storage.googleapis.com/piezas_programas_udesa/Piezas%20UdeSA/RRHH/rrhh_1080x1080-01.png,UdeSA,unisex,adult,,"https://storage.googleapis.com/piezas_programas_udesa/Piezas%20UdeSA/RRHH/rrhh_1080x1920-01.png,https://storage.googleapis.com/piezas_programas_udesa/Piezas%20UdeSA/RRHH/rrhh_1200x628-01.png"
FL,"Master in Corporate Governance, Finance & Law","Aprendé a estructurar negocios complejos con mirada legal, financiera y ESG.",in stock,new,10,https://www2.udesa.edu.ar/posgrados/edan/fa/FL/dual.php,https://storage.googleapis.com/piezas_programas_udesa/Piezas%20UdeSA/FL/V01-MCGFL-1080x1080-01.png,UdeSA,unisex,adult,,"https://storage.googleapis.com/piezas_programas_udesa/Piezas%20UdeSA/FL/V01-MCGFL-1080x1920-01.png,https://storage.googleapis.com/piezas_programas_udesa/Piezas%20UdeSA/FL/V01-MCGFL-1200x628-01.png"
FIN,Maestría en Finanzas,"Formate en Mercado de Capitales, Administración de Riesgos, Finanzas Corporativas y más.",in stock,new,10,https://www2.udesa.edu.ar/posgrados/edan/fa/Finanzas/dual.php,https://storage.googleapis.com/piezas_programas_udesa/Piezas%20UdeSA/Finanzas/finanzas_1080x1080-01.png,UdeSA,unisex,adult,,"https://storage.googleapis.com/piezas_programas_udesa/Piezas%20UdeSA/Finanzas/finanzas_1080x1920-01.png,https://storage.googleapis.com/piezas_programas_udesa/Piezas%20UdeSA/Finanzas/finanzas_1200x628-01.png"
MBT,Master in Business & Technology,"Formación en Management, economía digital e innovación para liderar el cambio.",in stock,new,10,https://www2.udesa.edu.ar/posgrados/edan/fa/MBT/dual.php,https://storage.googleapis.com/piezas_programas_udesa/Piezas%20UdeSA/MBT/mbt_1080x1080-01.png,UdeSA,unisex,adult,,"https://storage.googleapis.com/piezas_programas_udesa/Piezas%20UdeSA/MBT/mbt_1080x1920-01.png,https://storage.googleapis.com/piezas_programas_udesa/Piezas%20UdeSA/MBT/mbt_1200x628-01.png"
OSFL,Maestría en Dirección de Organizaciones Sin Fines de Lucro,Formación centrada en la sostenibilidad y el desarrollo de organizaciones sociales.,in stock,new,10,https://www2.udesa.edu.ar/posgrados/edan/fa/OSFL/dual.php,https://storage.googleapis.com/piezas_programas_udesa/Piezas%20UdeSA/OSFL/V01-mdosfl-1080x1080-01.png,UdeSA,unisex,adult,,"https://storage.googleapis.com/piezas_programas_udesa/Piezas%20UdeSA/OSFL/V01-mdosfl-1080x1920-01.png,https://storage.googleapis.com/piezas_programas_udesa/Piezas%20UdeSA/OSFL/V01-mdosfl-1200x628-01.png"
EDNRIF,EDN,Aprendé de Referentes y Conectá con Líderes que Marcan la Diferencia Profesional.,in stock,new,10,https://www2.udesa.edu.ar/posgrados/edan/fa/EDN/,https://storage.googleapis.com/piezas_programas_udesa/Piezas%20UdeSA/EDN/edn_1080x1080-01%20(4).png,UdeSA,unisex,adult,,
EMBARIF,Executive MBA,Próxima reunión informativa: 25/03,in stock,new,10,https://www2.udesa.edu.ar/posgrados/edan/fa/EMBA_B/reunion.php,https://storage.googleapis.com/piezas_programas_udesa/Piezas%20UdeSA/EMBA/EMBA%201080%20X%201080%20(2).png,UdeSA,unisex,adult,,"https://storage.googleapis.com/piezas_programas_udesa/Piezas%20UdeSA/EMBA/EMBA%201080%20X%201920%20%20(1).png,https://storage.googleapis.com/piezas_programas_udesa/Piezas%20UdeSA/EMBA/RIF%20V1%20(6).png,https://storage.googleapis.com/piezas_programas_udesa/Piezas%20UdeSA/EMBA%20B/V2%20EMBA%201080%20X%201920%20%20(2).png,https://storage.googleapis.com/piezas_programas_udesa/Piezas%20UdeSA/EMBA%20B/V2%20EMBA%201200%20X%20628%20(3).png"
REMBARIF,Executive MBA Regional,Próxima reunión informativa: 25/03,in stock,new,10,https://www2.udesa.edu.ar/posgrados/edan/fa/EMBA_B/reunion.php,https://storage.googleapis.com/piezas_programas_udesa/Piezas%20UdeSA/EMBAR/EMBAR%201080%20X%201080%20(2).png,UdeSA,unisex,adult,,"https://storage.googleapis.com/piezas_programas_udesa/Piezas%20UdeSA/EMBAR/EMBAR%201080%20X%201920%20(2).png,https://storage.googleapis.com/piezas_programas_udesa/Piezas%20UdeSA/EMBAR/EMBAR%201200%20X%20628%20(2).png,https://storage.googleapis.com/piezas_programas_udesa/Piezas%20UdeSA/EMBAR%20B/V2%20EMBAR%201200%20X%20628%20(2).png,https://storage.googleapis.com/piezas_programas_udesa/Piezas%20UdeSA/EMBAR%20B/V2%20EMBAR%201800%20X%201920%20(1).png"
MBAORIF,MBA,Próxima reunión informativa: 26/03,in stock,new,10,https://www2.udesa.edu.ar/posgrados/edan/fa/MBAO/reunion.php,https://storage.googleapis.com/piezas_programas_udesa/Piezas%20UdeSA/MBA%20Online/MBA%20-%201080%20x%201080.jpeg,UdeSA,unisex,adult,,"https://storage.googleapis.com/piezas_programas_udesa/Piezas%20UdeSA/MBA%20Online/mba-online_1080x1920-01.png,https://storage.googleapis.com/piezas_programas_udesa/Piezas%20UdeSA/MBA%20Online/mba-online_1200x628-01.png"
MBASRIF,MBA Salud,,in stock,new,10,https://www2.udesa.edu.ar/posgrados/edan/fa/MBAS/reunion.php,https://storage.googleapis.com/piezas_programas_udesa/Piezas%20UdeSA/MBAS/mba-salud-1080x1080-01.png,UdeSA,unisex,adult,,"https://storage.googleapis.com/piezas_programas_udesa/Piezas%20UdeSA/MBA%20Online/MBA%20-%201080%20x%201920.jpeg,https://storage.googleapis.com/piezas_programas_udesa/Piezas%20UdeSA/MBA%20Online/MBA%20-%201200%20x%20628.jpeg"
MIMRIF,Master in Management,Próxima reunión informativa: 26/03,in stock,new,10,https://www2.udesa.edu.ar/posgrados/edan/fa/MIB/reunion.php,https://storage.googleapis.com/piezas_programas_udesa/Piezas%20UdeSA/MIM/MiM-1080x1080-01.png,UdeSA,unisex,adult,,"https://storage.googleapis.com/piezas_programas_udesa/Piezas%20UdeSA/MIM/MiM-1080x1920-01.png,https://storage.googleapis.com/piezas_programas_udesa/Piezas%20UdeSA/MIM/MiM-1200x628-01.png"
MKTRIF,Maestría en Marketing y Comunicación,Próxima reunión informativa: 26/03,in stock,new,10,https://www2.udesa.edu.ar/posgrados/edan/fa/MKT/reunion.php,https://storage.googleapis.com/piezas_programas_udesa/Piezas%20UdeSA/MKT/mkt_1080x1080-01.png,UdeSA,unisex,adult,,"https://storage.googleapis.com/piezas_programas_udesa/Piezas%20UdeSA/MKT/mkt_1080x1920-01.png,https://storage.googleapis.com/piezas_programas_udesa/Piezas%20UdeSA/MKT/mkt_1200x628-01.png"
MNDRIF,Maestría en Negocios Digitales,Próxima reunión informativa: 25/03,in stock,new,10,https://www2.udesa.edu.ar/posgrados/edan/fa/MND/reunion.php,https://storage.googleapis.com/piezas_programas_udesa/Piezas%20UdeSA/MND/MND2%201080%20X%201080%20(2).png,UdeSA,unisex,adult,,"https://storage.googleapis.com/piezas_programas_udesa/Piezas%20UdeSA/MND/MND2%201080%20X%201920%20(1).png,https://storage.googleapis.com/piezas_programas_udesa/Piezas%20UdeSA/MND/MND2%201200%20X%20628%20(1).png"
RRHHRIF,Maestría en Recursos Humanos,Próxima reunión informativa: 25/03,in stock,new,10,https://www2.udesa.edu.ar/posgrados/edan/fa/RRHH_B/reunion.php,https://storage.googleapis.com/piezas_programas_udesa/Piezas%20UdeSA/RRHH/RRHH2%201080%20X%201080.png,UdeSA,unisex,adult,,"https://storage.googleapis.com/piezas_programas_udesa/Piezas%20UdeSA/RRHH/RRHH%202%201200%20X%20628.png,https://storage.googleapis.com/piezas_programas_udesa/Piezas%20UdeSA/RRHH/RRHH2%201080%20X%201920.png"
FLRIF,"Master in Corporate Governance, Finance & Law",Próxima reunión informativa: 26/03,in stock,new,10,https://www2.udesa.edu.ar/posgrados/edan/fa/FL/reunion.php,https://storage.googleapis.com/piezas_programas_udesa/Piezas%20UdeSA/FL/V01-MCGFL-1080x1080-01.png,UdeSA,unisex,adult,,"https://storage.googleapis.com/piezas_programas_udesa/Piezas%20UdeSA/FL/V01-MCGFL-1080x1920-01.png,https://storage.googleapis.com/piezas_programas_udesa/Piezas%20UdeSA/FL/V01-MCGFL-1200x628-01.png"
FINRIF,Maestría en Finanzas,Próxima reunión informativa: 26/03,in stock,new,10,https://www2.udesa.edu.ar/posgrados/edan/fa/Finanzas/reunion.php,https://storage.googleapis.com/piezas_programas_udesa/Piezas%20UdeSA/Finanzas/Finanzas%201080%20X%201080.png,UdeSA,unisex,adult,,"https://storage.googleapis.com/piezas_programas_udesa/Piezas%20UdeSA/Finanzas/Finanzas%201080%20X%201920.png,https://storage.googleapis.com/piezas_programas_udesa/Piezas%20UdeSA/Finanzas/Finanzas%201200%20X%20628.png"
MBTRIF,Master in Business & Technology,Próxima reunión informativa: 26/03,in stock,new,10,https://www2.udesa.edu.ar/posgrados/edan/fa/MBT/reunion.php,https://storage.googleapis.com/piezas_programas_udesa/Piezas%20UdeSA/MBT/_MBT2%201080%20x%201080.png,UdeSA,unisex,adult,,"https://storage.googleapis.com/piezas_programas_udesa/Piezas%20UdeSA/MBT/MBT%202%201080%20x%201920.png,https://storage.googleapis.com/piezas_programas_udesa/Piezas%20UdeSA/MBT/MBT%202%201200%20X%20628.png"
OSFLRIF,Maestría en Dirección de Organizaciones Sin Fines de Lucro,Próxima reunión informativa: 25/03,in stock,new,10,https://www2.udesa.edu.ar/posgrados/edan/fa/OSFL/reunion.php,https://storage.googleapis.com/piezas_programas_udesa/Piezas%20UdeSA/OSFL/V01-mdosfl-1080x1080-01.png,UdeSA,unisex,adult,,"https://storage.googleapis.com/piezas_programas_udesa/Piezas%20UdeSA/OSFL/V01-mdosfl-1080x1920-01.png,https://storage.googleapis.com/piezas_programas_udesa/Piezas%20UdeSA/OSFL/V01-mdosfl-1200x628-01.png"
FINORIF,Maestria en Finanzas Online,Próxima reunión informativa: 09/04,in stock,new,10,https://www2.udesa.edu.ar/posgrados/edan/fa/Finanzas_Online/reunion.php,https://storage.googleapis.com/piezas_programas_udesa/Piezas%20UdeSA/Finanzas/Finanzas%201080%20X%201080.png,UdeSA,unisex,adult,,"https://storage.googleapis.com/piezas_programas_udesa/Piezas%20UdeSA/Finanzas/Finanzas%201080%20X%201920.png,https://storage.googleapis.com/piezas_programas_udesa/Piezas%20UdeSA/Finanzas/Finanzas%201200%20X%20628.png"
EMBARIFV2,Executive MBA,Próxima reunión informativa: 25/03,in stock,new,10,https://www2.udesa.edu.ar/posgrados/edan/fa/EMBA_B/reunion.php,https://storage.googleapis.com/piezas_programas_udesa/V2/EMBA/EMBA%201080%20X%201080%20(1).png,UdeSA,unisex,adult,,"https://storage.googleapis.com/piezas_programas_udesa/V2/EMBA/EMBA%201080%20X%201920.png,https://storage.googleapis.com/piezas_programas_udesa/V2/EMBA/EMBA%201200%20X%20628.png,https://storage.googleapis.com/piezas_programas_udesa/V2/EMBA%20B/V2%20EMBA%201080%20X%201920%20(2).png,https://storage.googleapis.com/piezas_programas_udesa/V2/EMBA%20B/V2%20EMBA%201200%20X%20628%20(2).png"
REMBARIFV2,Executive MBA Regional,Próxima reunión informativa: 25/03,in stock,new,10,https://www2.udesa.edu.ar/posgrados/edan/fa/EMBA_B/reunion.php,https://storage.googleapis.com/piezas_programas_udesa/V2/EMBA%20Regional/EMBAR%201080%20X%201080%20(3).png,UdeSA,unisex,adult,,"https://storage.googleapis.com/piezas_programas_udesa/V2/EMBA%20Regional/EMBAR%201080%20X%201920%20(3).png,https://storage.googleapis.com/piezas_programas_udesa/V2/EMBA%20Regional/EMBAR%201200%20X%20628%20(1).png,https://storage.googleapis.com/piezas_programas_udesa/V2/EMBAR%20B/V2%20EMBAR%201080%20X%201920%20(1).png,https://storage.googleapis.com/piezas_programas_udesa/V2/EMBAR%20B/V2%20EMBAR%201200%20X%20628%20(3).png"
MBAORIFV2,MBA,Próxima reunión informativa: 26/03,in stock,new,10,https://www2.udesa.edu.ar/posgrados/edan/fa/MBAO/reunion.php,https://storage.googleapis.com/piezas_programas_udesa/V2/MBAO/WhatsApp%20Image%202026-01-19%20at%205.21.54%20PM.jpeg,UdeSA,unisex,adult,,"https://storage.googleapis.com/piezas_programas_udesa/V2/MBAO/WhatsApp%20Image%202026-01-19%20at%205.21.53%20PM.jpeg,https://storage.googleapis.com/piezas_programas_udesa/V2/MBAO/WhatsApp%20Image%202026-01-19%20at%205.21.53%20PM%20(1).jpeg"
MBASRIFV2,MBA Salud,,in stock,new,10,https://www2.udesa.edu.ar/posgrados/edan/fa/MBAS/reunion.php,https://storage.googleapis.com/piezas_programas_udesa/V2/MBA%20Salud/mba-salud-1080x1080-02%20(2).png,UdeSA,unisex,adult,,"https://storage.googleapis.com/piezas_programas_udesa/V2/MBA%20Salud/mba-salud-1080x1920-02%20(1).png,https://storage.googleapis.com/piezas_programas_udesa/V2/MBA%20Salud/mba-salud-1200x628-02%20(2).png"
MIMRIFV2,Master in Management,Próxima reunión informativa: 26/03,in stock,new,10,https://www2.udesa.edu.ar/posgrados/edan/fa/MIB/reunion.php,https://storage.googleapis.com/piezas_programas_udesa/V2/MIM/MiM-1080x1080-02%20(1).png,UdeSA,unisex,adult,,"https://storage.googleapis.com/piezas_programas_udesa/V2/MIM/MiM-1080x1920-02.png,https://storage.googleapis.com/piezas_programas_udesa/V2/MIM/MiM-1200x628-02%20(1).png"
MKTRIFV2,Maestría en Marketing y Comunicación,Próxima reunión informativa: 26/03,in stock,new,10,https://www2.udesa.edu.ar/posgrados/edan/fa/MKT/reunion.php,https://storage.googleapis.com/piezas_programas_udesa/V2/MKT/mkt_1080x1080-02%20(1).png,UdeSA,unisex,adult,,"https://storage.googleapis.com/piezas_programas_udesa/V2/MKT/mkt_1080x1920-02%20(1).png,https://storage.googleapis.com/piezas_programas_udesa/V2/MKT/mkt_1200x628-02%20(1).png"
MNDRIFV2,Maestría en Negocios Digitales,Próxima reunión informativa: 25/03,in stock,new,10,https://www2.udesa.edu.ar/posgrados/edan/fa/MND/reunion.php,https://storage.googleapis.com/piezas_programas_udesa/V2/MND/MND%202%201080%20X%201080%20(1).png,UdeSA,unisex,adult,,"https://storage.googleapis.com/piezas_programas_udesa/V2/MND/MND%202%201080%20X%201920%20(1).png,https://storage.googleapis.com/piezas_programas_udesa/V2/MND/MND%202%201200%20X%20628%20(1).png"
RRHHRIFV2,Maestría en Recursos Humanos,Próxima reunión informativa: 25/03,in stock,new,10,https://www2.udesa.edu.ar/posgrados/edan/fa/RRHH_B/reunion.php,https://storage.googleapis.com/piezas_programas_udesa/V2/RRHH/RRHH%202%201080%20X%201080.png,UdeSA,unisex,adult,,"https://storage.googleapis.com/piezas_programas_udesa/V2/RRHH/RRHH%201800%20X%201920-2.png,https://storage.googleapis.com/piezas_programas_udesa/V2/RRHH/RRHH2%201200%20X%20628.png"
FLRIFV2,"Master in Corporate Governance, Finance & Law",Próxima reunión informativa: 26/03,in stock,new,10,https://www2.udesa.edu.ar/posgrados/edan/fa/FL/reunion.php,https://storage.googleapis.com/piezas_programas_udesa/V2/FL/V02-MCGFL-1080x1080-02%20(1).png,UdeSA,unisex,adult,,"https://storage.googleapis.com/piezas_programas_udesa/V2/FL/V02-MCGFL-1080x1920-02.png,https://storage.googleapis.com/piezas_programas_udesa/V2/FL/V02-MCGFL-1200x628-02%20(1).png"
FINRIFV2,Maestría en Finanzas,Próxima reunión informativa: 26/03,in stock,new,10,https://www2.udesa.edu.ar/posgrados/edan/fa/Finanzas/reunion.php,https://storage.googleapis.com/piezas_programas_udesa/V2/Finanzas/finanzas_1080x1080-02%20(2).png,UdeSA,unisex,adult,,"https://storage.googleapis.com/piezas_programas_udesa/V2/Finanzas/finanzas_1080x1920-02%20(1).png,https://storage.googleapis.com/piezas_programas_udesa/V2/Finanzas/finanzas_1200x628-02%20(2).png"
MBTRIFV2,Master in Business & Technology,Próxima reunión informativa: 26/03,in stock,new,10,https://www2.udesa.edu.ar/posgrados/edan/fa/MBT/reunion.php,https://storage.googleapis.com/piezas_programas_udesa/V2/MBT/_MBT2%201080%20x%201080-2.png,UdeSA,unisex,adult,,"https://storage.googleapis.com/piezas_programas_udesa/V2/MBT/_MBT2%201080%20X%201920.png,https://storage.googleapis.com/piezas_programas_udesa/V2/MBT/_MBT2%201200%20X%20628%20.png"
OSFLRIFV2,Maestría en Dirección de Organizaciones Sin Fines de Lucro,Próxima reunión informativa: 25/03,in stock,new,10,https://www2.udesa.edu.ar/posgrados/edan/fa/OSFL/reunion.php,https://storage.googleapis.com/piezas_programas_udesa/V2/OSFL/V02-campa%C3%B1a-mdosfl-1080x1080-02%20(2).png,UdeSA,unisex,adult,,"https://storage.googleapis.com/piezas_programas_udesa/V2/OSFL/V02-campa%C3%B1a-mdosfl-1080x1920-02%20(2).png,https://storage.googleapis.com/piezas_programas_udesa/V2/OSFL/V02-campa%C3%B1a-mdosf-1200x628-02%20(2).png"
FINORIFV2,Maestria en Finanzas Online,Próxima reunión informativa: 09/04,in stock,new,10,https://www2.udesa.edu.ar/posgrados/edan/fa/Finanzas_Online/reunion.php,https://storage.googleapis.com/piezas_programas_udesa/V2/Finanzas%20Online/V08-finanzas-1080x1080-01%20(1).png,UdeSA,unisex,adult,,"https://storage.googleapis.com/piezas_programas_udesa/V2/Finanzas%20Online/V08-finanzas-1200x628-01%20(1).png,https://storage.googleapis.com/piezas_programas_udesa/V2/Finanzas%20Online/V08-finanzas-1080x1920-01.png"
